Fake Email,Fake Email 2
JessicaSmith74@gmail.com,MichaelGarcia45@gmail.com
AndreMccormick44@gmail.com,KariFord11@gmail.com
BrianSmith62@gmail.com,DanielleContreras59@gmail.com
MichaelRobertson5@gmail.com,JustinNewman61@gmail.com
DeborahRios25@gmail.com,JosephSmith65@gmail.com
GavinMckinney84@gmail.com,AnthonyMatthews20@gmail.com
DanielJohnson44@gmail.com,TinaThomas39@gmail.com
JasonBates5@gmail.com,ChristopherBlevins19@gmail.com
JulieHart97@gmail.com,GlennVelasquez60@gmail.com
TimothyBerg76@gmail.com,JessicaNorman56@gmail.com
CalebLopez55@gmail.com,TeresaGarcia62@gmail.com
RobertScott24@gmail.com,MichaelPatrick20@gmail.com
TerriStanton92@gmail.com,RichardLe10@gmail.com
AnthonyMitchell4@gmail.com,RonaldMcguire89@gmail.com
Mrs.JuliaRichardsDVM88@gmail.com,DakotaSanders90@gmail.com
JuliaYoung46@gmail.com,ChristinePreston53@gmail.com
KevinTurner45@gmail.com,KathrynAyala70@gmail.com
CharlesWilliams21@gmail.com,SarahJones41@gmail.com
MichaelBrown11@gmail.com,BrittanyRobinson55@gmail.com
FrederickBonilla86@gmail.com,ShannonChoi68@gmail.com
ElizabethFlores73@gmail.com,SaraDavis33@gmail.com
JamesCunningham67@gmail.com,JamesLewis91@gmail.com
JenniferBailey56@gmail.com,JohnJames0@gmail.com
JamesPatterson87@gmail.com,CharleneFuller20@gmail.com
JacobBurke26@gmail.com,ZacharyBradley85@gmail.com
AllenFlynn59@gmail.com,AshleyRichardson60@gmail.com
CharlesWhitehead75@gmail.com,GregoryMullins37@gmail.com
MichaelRivera37@gmail.com,KatrinaBrady9@gmail.com
LindseyMorgan42@gmail.com,JudithMiller67@gmail.com
KimberlyHolloway32@gmail.com,SethFoster85@gmail.com
ValerieEstradaDVM66@gmail.com,TerrySolomon97@gmail.com
DeborahWashington74@gmail.com,JonathanDelgado2@gmail.com
ErinElliott20@gmail.com,MichaelLowe17@gmail.com
LisaJones68@gmail.com,DanaMartin64@gmail.com
MelissaLong41@gmail.com,ZacharyKnight78@gmail.com
JillWatson47@gmail.com,MeganMercado77@gmail.com
EmilyHanson25@gmail.com,ToddBarker48@gmail.com
VanessaJohnson10@gmail.com,JessicaPeterson62@gmail.com
MarilynSteele3@gmail.com,HeatherWatson22@gmail.com
AlbertRowe77@gmail.com,MonicaShaw16@gmail.com
DawnPaul76@gmail.com,KyleWatson50@gmail.com
JacobMitchell40@gmail.com,DeborahStephens4@gmail.com
KimberlyWatkins68@gmail.com,EdwardMassey34@gmail.com
MariaBryant21@gmail.com,TracyStephens52@gmail.com
JeremyFlowers93@gmail.com,TracyWillis52@gmail.com
NicoleMatthews61@gmail.com,MistyLara47@gmail.com
MichelleRice51@gmail.com,BethMueller62@gmail.com
JustinAguirre32@gmail.com,MichaelRogers37@gmail.com
HeatherKelley24@gmail.com,MeganLeonard59@gmail.com
JeremyWarren69@gmail.com,JulieJones22@gmail.com
GabriellaGray88@gmail.com,DeborahMoore84@gmail.com
BrettBrown86@gmail.com,FrankParker75@gmail.com
MichelleOrr21@gmail.com,JamesRoberts76@gmail.com
SusanPadilla78@gmail.com,RyanHodge78@gmail.com
JeremyShaw43@gmail.com,RhondaGraham33@gmail.com
KatherineWright36@gmail.com,ChristopherJenkins4@gmail.com
TylerDorsey45@gmail.com,ChristineHardin3@gmail.com
PennyRobbins91@gmail.com,RobertMckenzie48@gmail.com
KarlaChan30@gmail.com,SandraMurphy66@gmail.com
ReneeFleming38@gmail.com,AllisonRichard23@gmail.com
JamesThompson17@gmail.com,AnnaFernandez42@gmail.com
DebraRangel55@gmail.com,KaitlynWiggins21@gmail.com
JeffreyRamos96@gmail.com,RogerCabrera71@gmail.com
WilliamMcgrath25@gmail.com,BriannaLewis92@gmail.com
JenniferSmith44@gmail.com,MargaretCameron2@gmail.com
JackAlexander87@gmail.com,JenniferCrawford42@gmail.com
MariahStone96@gmail.com,LauraCortez62@gmail.com
KevinSmith89@gmail.com,TammyChavez97@gmail.com
JasonWilliams50@gmail.com,JasonGates78@gmail.com
RichardRichardson21@gmail.com,CrystalBrown48@gmail.com
DerrickShaw44@gmail.com,RebeccaBlair2@gmail.com
JenniferOlson90@gmail.com,SonyaHall79@gmail.com
AntonioPhillipsMD22@gmail.com,JasonFigueroa66@gmail.com
SusanFlowers41@gmail.com,LindaDurham89@gmail.com
EricRodgers63@gmail.com,JessicaGraham43@gmail.com
SheilaFriedman10@gmail.com,MorganHudson42@gmail.com
Dr.AmandaSolis56@gmail.com,JenniferPeters66@gmail.com
KevinBeltran24@gmail.com,ArielDavis89@gmail.com
MarciaPotts82@gmail.com,TonyaFlowers61@gmail.com
SethJones77@gmail.com,LoganSmith4@gmail.com
CindyShaffer57@gmail.com,CassidyBerry34@gmail.com
MeganRiley51@gmail.com,TimothyJohnson73@gmail.com
SharonCooper27@gmail.com,RandyWalls99@gmail.com
BarryJohnson38@gmail.com,HaleyBecker55@gmail.com
AliciaBryant27@gmail.com,MatthewGomez45@gmail.com
AmandaAnderson45@gmail.com,BethBrown72@gmail.com
LukeCastro63@gmail.com,KathyVaughan55@gmail.com
SaraFisher40@gmail.com,ChristopherTrevino29@gmail.com
CarolynReynolds63@gmail.com,JamieWade91@gmail.com
ElizabethHill18@gmail.com,TroyDominguez33@gmail.com
DanielleJackson77@gmail.com,TraceyGibson33@gmail.com
SeanSolomon81@gmail.com,MicheleSmith4@gmail.com
EricAlvarez86@gmail.com,MarissaRhodes36@gmail.com
TimothyOdonnell53@gmail.com,TimothyBanks7@gmail.com
LynnCook24@gmail.com,TracyDavis79@gmail.com
JefferyPrice52@gmail.com,DawnRandolph77@gmail.com
KeithHarris88@gmail.com,CatherineBennett58@gmail.com
MackenzieGates16@gmail.com,EricWatson77@gmail.com
CourtneyPeters40@gmail.com,BeckyReese21@gmail.com
KristinThompson57@gmail.com,DonaldDavis66@gmail.com
JohnOrtega6@gmail.com,EricLewis16@gmail.com
MalikJones19@gmail.com,SheilaWatson37@gmail.com
JoshuaSchroeder6@gmail.com,LauraCannon50@gmail.com
ZacharyKaufman6@gmail.com,CharlesAnderson60@gmail.com
BrianHart10@gmail.com,ChristineEdwards32@gmail.com
MonicaParks37@gmail.com,JoannBrown6@gmail.com
EricHarmon67@gmail.com,MatthewSnyder39@gmail.com
TylerCohen23@gmail.com,AlexBurnett99@gmail.com
LisaGibson15@gmail.com,PeterPhillips53@gmail.com
AshleyMorris50@gmail.com,WesleyBennett52@gmail.com
LoriSchwartz67@gmail.com,RachelBrown8@gmail.com
HelenHumphrey5@gmail.com,AprilCarson79@gmail.com
ConnieLawrence97@gmail.com,DonaldPeters29@gmail.com
EdwardClarke8@gmail.com,LoganCook43@gmail.com
XavierPollard58@gmail.com,StephenMcgee27@gmail.com
CurtisNelson83@gmail.com,KerryDavidson59@gmail.com
JeffreySmith74@gmail.com,LindaRussell21@gmail.com
JillianHays74@gmail.com,MarkBaker26@gmail.com
JenniferReyes70@gmail.com,MatthewOconnor43@gmail.com
JosephRusso11@gmail.com,JesseJohnson51@gmail.com
NicoleMoon25@gmail.com,MaryCarson43@gmail.com
StevenStephens56@gmail.com,JillBooker86@gmail.com
NathanHodge81@gmail.com,LauraMurphy72@gmail.com
BrianHunt62@gmail.com,JohnMata18@gmail.com
RichardRodriguez52@gmail.com,SusanWilkerson58@gmail.com
LeahNelson71@gmail.com,SaraMendoza41@gmail.com
RicardoMeza7@gmail.com,DanielDavis50@gmail.com
MichelleWyatt34@gmail.com,ChristinaDavenport69@gmail.com
PamelaSantos44@gmail.com,StephenDyer61@gmail.com
JohnWilliams3@gmail.com,MatthewEvans33@gmail.com
JessicaGeorge20@gmail.com,RandyGordon9@gmail.com
GloriaDavis75@gmail.com,MichaelMyers36@gmail.com
JasonWalker66@gmail.com,ElizabethGolden19@gmail.com
JonathanNobleDVM30@gmail.com,WilliamFernandez13@gmail.com
BruceGaines90@gmail.com,MatthewHale38@gmail.com
StevenGoodwin92@gmail.com,ChadMichael88@gmail.com
PamHill26@gmail.com,KeithPhillips40@gmail.com
LynnJackson18@gmail.com,JessicaAnderson40@gmail.com
JohnnyChavez44@gmail.com,DanielGreen46@gmail.com
KarenBaxter26@gmail.com,KimberlyMiller50@gmail.com
JasmineLee45@gmail.com,CarlyAguilar55@gmail.com
ShannonBryant55@gmail.com,TylerMiller40@gmail.com
LarryBrown5@gmail.com,AlexanderWebb33@gmail.com
CodyHorton9@gmail.com,PaulPeterson3@gmail.com
CharlesGriffin12@gmail.com,JessicaRodriguez21@gmail.com
JosephTaylor66@gmail.com,AllisonMahoney88@gmail.com
CynthiaMcclure16@gmail.com,ChristopherHatfield30@gmail.com
CharlesMckenzie88@gmail.com,CindySherman39@gmail.com
NancyWall46@gmail.com,DonaldGarrett45@gmail.com
CarlosJohnson31@gmail.com,AmandaHernandez54@gmail.com
JulieDawson45@gmail.com,SaraGallegos75@gmail.com
WilliamEwing87@gmail.com,MorganHardy22@gmail.com
NoahCarlson11@gmail.com,WhitneyMills54@gmail.com
LawrenceDuran31@gmail.com,RebeccaDickson50@gmail.com
LindsayStanleyMD14@gmail.com,StanleyJenkins12@gmail.com
JesseEscobar94@gmail.com,NathanielMendez77@gmail.com
LisaPorter97@gmail.com,ChelseaLarson71@gmail.com
MichaelAnthony5@gmail.com,KevinHill90@gmail.com
CourtneyClay90@gmail.com,Mrs.AshleyHouse40@gmail.com
DanielCooper54@gmail.com,MichaelParker76@gmail.com
JaclynSanders57@gmail.com,ChristopherFisher1@gmail.com
DustinParker74@gmail.com,TrevorPearson69@gmail.com
KathySullivan98@gmail.com,KevinMoreno89@gmail.com
ChadJohnson98@gmail.com,HaileyVargas67@gmail.com
EdwardJensen69@gmail.com,SamanthaColeman7@gmail.com
JamieGibbs69@gmail.com,MichaelRaymond84@gmail.com
SallyFlowers14@gmail.com,AlecValenzuela51@gmail.com
SarahLyons79@gmail.com,ShannonJones35@gmail.com
StephanieFarley35@gmail.com,MargaretJackson6@gmail.com
MaryHiggins50@gmail.com,AmySchultz43@gmail.com
EdwardGomez14@gmail.com,JonathanTaylor52@gmail.com
JennyTucker5@gmail.com,RodneyThompson50@gmail.com
AndreaAlexander18@gmail.com,DavidPearson74@gmail.com
JessicaJohnson69@gmail.com,CarlosCook67@gmail.com
RonnieAlvarado30@gmail.com,PamHolmes87@gmail.com
KeithMurphy35@gmail.com,SierraGarcia5@gmail.com
ChadJohnson86@gmail.com,MatthewMooreMD88@gmail.com
GregoryBell90@gmail.com,DianaWeeks84@gmail.com
AlanMarshall65@gmail.com,Mrs.AmyTorres33@gmail.com
CynthiaBray35@gmail.com,KristenWilliams65@gmail.com
LindseyRojas13@gmail.com,RobinWilliams48@gmail.com
MelissaBaker80@gmail.com,DawnHarris99@gmail.com
JeanetteHouston7@gmail.com,Mr.JonathanMartinezDDS53@gmail.com
RobertTaylor71@gmail.com,AndreaRowe70@gmail.com
JoannaJimenez17@gmail.com,ChristinaMitchell33@gmail.com
ChadBanks8@gmail.com,AliciaHouston89@gmail.com
ChristopherKing52@gmail.com,ChrisPowers43@gmail.com
JosephWard6@gmail.com,DorothyShaw11@gmail.com
MaryArnold18@gmail.com,ChristinaJames18@gmail.com
AshleyOliver28@gmail.com,JasonRamirezDDS79@gmail.com
BrandyLeonard64@gmail.com,DawnContreras65@gmail.com
AndrewShort82@gmail.com,JulieHughes35@gmail.com
DerekCarpenter22@gmail.com,EricLewis65@gmail.com
PeggySalazar13@gmail.com,DavidAtkins50@gmail.com
RichardBuchanan37@gmail.com,DeborahLucas98@gmail.com
MarkUnderwood4@gmail.com,DerekFreeman32@gmail.com
RobertGarcia4@gmail.com,TonyaBrady85@gmail.com
EdwardLane77@gmail.com,ShannonOsborne86@gmail.com
CaseyMason55@gmail.com,JonathanHicks26@gmail.com
RobertHamilton31@gmail.com,ShannonLittle52@gmail.com
JulieWilliams89@gmail.com,LynnRodriguez90@gmail.com
LisaHill58@gmail.com,AngelaTurner83@gmail.com
AndreaBaker19@gmail.com,Ms.AllisonWatsonMD59@gmail.com
ElizabethAguirre15@gmail.com,JacquelineClark40@gmail.com
AmandaCastillo69@gmail.com,DonaldRollins21@gmail.com
AliciaBryant89@gmail.com,BettyHolt62@gmail.com
AllisonBurns83@gmail.com,GaryDuncan82@gmail.com
MatthewSilva10@gmail.com,MichaelWells66@gmail.com
TylerMiller38@gmail.com,TanyaCampbell74@gmail.com
CherylMosley31@gmail.com,KevinNelson43@gmail.com
TroyHernandez35@gmail.com,DaleDuncan8@gmail.com
TaraVelasquez79@gmail.com,RoseJones31@gmail.com
RobertLawson44@gmail.com,StacyVillarreal68@gmail.com
AshleyFrazier37@gmail.com,RussellBrown73@gmail.com
EricaMartinez88@gmail.com,JimmyBuck99@gmail.com
ToddWilliams74@gmail.com,KellyNovak97@gmail.com
MichaelHernandez66@gmail.com,MichaelHill35@gmail.com
ElizabethSmith24@gmail.com,WilliamGarcia68@gmail.com
MelissaMyers6@gmail.com,JordanSmith25@gmail.com
CynthiaRodriguez7@gmail.com,NicholeBauer91@gmail.com
JustinLucero67@gmail.com,KirkPark22@gmail.com
JacobMurphy19@gmail.com,DillonHall84@gmail.com
KristyRiggs13@gmail.com,AaronBradley21@gmail.com
JordanParker99@gmail.com,KeithGilbert29@gmail.com
EmilyIngram10@gmail.com,WilliamAdams97@gmail.com
MarkGreen63@gmail.com,NicoleRivas57@gmail.com
RobertMcguire37@gmail.com,EarlBerger18@gmail.com
EdwardGonzales68@gmail.com,PhillipReyes46@gmail.com
WendyHarvey90@gmail.com,KarenWhite80@gmail.com
JonathonSmith44@gmail.com,BlakeGutierrez82@gmail.com
KimberlyCruz11@gmail.com,JasonWhite97@gmail.com
TiffanyWalsh88@gmail.com,JessicaParker21@gmail.com
Mr.BrandonThomas67@gmail.com,PatrickMatthews92@gmail.com
MaryAnderson40@gmail.com,MichaelMcdaniel39@gmail.com
HannahThompson5@gmail.com,MariaWilliams13@gmail.com
JacobSantos22@gmail.com,PennyJones70@gmail.com
GeoffreyMartinez71@gmail.com,AmberMoreno75@gmail.com
RobertPetersen2@gmail.com,JenniferFrench34@gmail.com
SummerStrickland70@gmail.com,MichaelTaylor12@gmail.com
AshleyBlake33@gmail.com,StephanieNelson81@gmail.com
AshleyClark16@gmail.com,DanielParker66@gmail.com
RyanMiller11@gmail.com,JamesPatterson31@gmail.com
TracyYang56@gmail.com,BrandiClark33@gmail.com
BrandonJohnson5@gmail.com,KennethTyler50@gmail.com
TiffanyBrown86@gmail.com,DavidSchultz1@gmail.com
AnnaWalker85@gmail.com,JamesContreras7@gmail.com
TerriWheeler21@gmail.com,BarbaraMccoy22@gmail.com
ThomasBaxter27@gmail.com,StaceyHopkins52@gmail.com
EvelynSantos1@gmail.com,RebeccaWatkins63@gmail.com
ThomasBrownMD46@gmail.com,JeremyPadilla11@gmail.com
DanaWhite44@gmail.com,KarenCurry31@gmail.com
JenniferWard65@gmail.com,BenjaminSwanson5@gmail.com
CarolStephens99@gmail.com,StephanieLang12@gmail.com
JocelynYoung81@gmail.com,JessicaSmith69@gmail.com
ScottBryant79@gmail.com,VictoriaShannon73@gmail.com
ThomasWhite62@gmail.com,EricStrickland23@gmail.com
PatrickHendricks87@gmail.com,KimAlvarezDDS67@gmail.com
JeffreyGonzales0@gmail.com,ShannonHerrera40@gmail.com
RickJackson53@gmail.com,EmilyDavis68@gmail.com
KevinPrice32@gmail.com,JodiBrown44@gmail.com
TiffanyMorris6@gmail.com,BrittanyAyala79@gmail.com
CassieBrown50@gmail.com,KrystalCannon73@gmail.com
SheliaMann1@gmail.com,NicholasDickerson89@gmail.com
BrittanyHuff88@gmail.com,SheilaWhite19@gmail.com
TeresaDiaz21@gmail.com,ThomasLane27@gmail.com
AndrewBarnes39@gmail.com,ChristopherCruz83@gmail.com
TimothyWolf46@gmail.com,JacquelineGallagher83@gmail.com
AmyJackson90@gmail.com,SamanthaBryant76@gmail.com
KristinaPotts45@gmail.com,WilliamCraig65@gmail.com
GregoryGuzman24@gmail.com,LaurieAlvarez22@gmail.com
JenniferWhitney17@gmail.com,LawrenceWhite9@gmail.com
JenniferWoodward2@gmail.com,AnthonyChavez26@gmail.com
MariaLove25@gmail.com,StaceySolomon68@gmail.com
PaulHansen1@gmail.com,JessicaHudson12@gmail.com
KevinSchmidt85@gmail.com,MaryHuber45@gmail.com
Mr.AndrewBrewerMD14@gmail.com,JamesWang69@gmail.com
JenniferHester55@gmail.com,IanHunt74@gmail.com
KristinaGarner52@gmail.com,JamesRamos85@gmail.com
AutumnHinton36@gmail.com,LauriePeterson22@gmail.com
DonnaRamirez20@gmail.com,PaulCervantes10@gmail.com
RickyHancockMD76@gmail.com,SandraReyes11@gmail.com
KimberlyDougherty71@gmail.com,JohnnyDunlap48@gmail.com
CristinaShea79@gmail.com,BonnieRodriguez59@gmail.com
JamiePatel13@gmail.com,Dr.DeannaRamirez84@gmail.com
DebraPruitt37@gmail.com,MarySantos69@gmail.com
StacyEvans74@gmail.com,KaitlinHoover97@gmail.com
BrendaGonzalez26@gmail.com,KellySmith46@gmail.com
TeresaBaker77@gmail.com,RebeccaWinters99@gmail.com
JacquelineHenryMD29@gmail.com,RuthThomas3@gmail.com
JenniferHill98@gmail.com,BrandonRamirez12@gmail.com
ShawnPreston24@gmail.com,RaymondAnderson53@gmail.com
KennethPayne74@gmail.com,MelvinCole6@gmail.com
SaraSmith44@gmail.com,RachaelRoberts4@gmail.com
TheresaWu12@gmail.com,CarolSmith56@gmail.com
LaurenAtkinson43@gmail.com,JeremyNelson20@gmail.com
BrianBurnett64@gmail.com,DonaldSimon63@gmail.com
ChadMosley75@gmail.com,EdwinDuran16@gmail.com
TeresaBrooksPhD31@gmail.com,DanielleVazquez9@gmail.com
SarahNicholson87@gmail.com,TiffanyHall93@gmail.com
KelseyKing19@gmail.com,JohnLee65@gmail.com
